requirement_id,disclosure_id,requirement_order,requirement_text_ko,data_required_type,input_schema,input_placeholder_ko,input_guidance_ko,created_at,updated_at
gov-1,s2-g2,1,기후 관련 의사결정을 담당하는 위원회 또는 조직의 공식 명칭은 무엇인가요?,text,,"예: 이사회 산하 지속가능경영위원회, ESG위원회",,,
gov-2,s2-g2,2,기후 관련 의사결정기구의 인력 현황을 아래 표에 추가하여 작성해주세요.,table_input,"{
""columns"": [
{
""name"": ""division"",
""label"": ""구분"",
""placeholder"": ""예: 사내이사, 사외이사"",
""type"": ""text""
},
{
""name"": ""full_name"",
""label"": ""성명"",
""placeholder"": ""예: 천준영"",
""type"": ""text""
},
{
""name"": ""position"",
""label"": ""직책"",
""placeholder"": ""예: 위원장, 위원"",
""type"": ""text""
},
{
""name"": ""appointment_date"",
""label"": ""이사 선임일"",
""placeholder"": ""YYYY-MM-DD"",
""type"": ""date""
},
{
""name"": ""gender"",
""label"": ""성별"",
""type"": ""select"",
""options"": [""남"", ""여""]
}
]
}",,,,
gov-3,s2-g2,3,해당 조직의 주요 권한 및 책임 범위를 구체적으로 설명해주세요.,text_long,,"예: 지속가능경영 정책 및 전략 수립, 중장기 목표 설정 심의, 환경 분야 성과 관리감독 등",,,
gov-4,s2-g2,4,"이사회 또는 하위 위원회에서 기후 관련 안건을 검토, 심의, 또는 결의한 주요 이력이 있다면 추가하여 작성해주세요.",structured_list,"{
""fields"": [
{
""name"": ""decision_date"",
""label"": ""의결/검토 일자"",
""placeholder"": ""예: 2023년 4월"",
""type"": ""text""
},
{
""name"": ""decision_body"",
""label"": ""의결/검토 주체"",
""placeholder"": ""예: 이사회 산하 지속가능경영위원회"",
""type"": ""text""
},
{
""name"": ""decision_details"",
""label"": ""주요 내용"",
""placeholder"": ""예: 기후변화 시나리오 기반 리스크/기회 검토"",
""type"": ""text_long""
}
]
}",,,,
gov-5,s2-g3,1,"의사결정기구가 기후 관련 역량을 보유했는지 판단하는 '기준'은 무엇인가요? (예: 지식, 리더십, 법규 이해도 등)",text,,"예: 환경경영 리더십, 기후변화 관련 법규 및 국제 동향에 대한 이해도 등",,,
gov-6,s2-g3,2,위 기준을 충족했는지 판단하는 구체적인 '절차'나 사용하는 '도구'가 있다면 설명해주세요.,text,,예: 신임 이사 선임 시 활용하는 '이사회 역량지표 등,,,
gov-7,s2-g3,3,의사결정기구 구성원의 기후 관련 전문성과 역량을 보여주는 주요 인물의 사례를 추가하여 작성해주세요.,structured_list,"{
""fields"": [
{
""name"": ""member_name"",
""label"": ""성명"",
""placeholder"": ""예: 천준영"",
""type"": ""text""
},
{
""name"": ""member_title"",
""label"": ""직책"",
""placeholder"": ""예: 사외이사, 지속가능경영위원회 위원장"",
""type"": ""text""
},
{
""name"": ""competency_details"",
""label"": ""핵심 역량 및 경력 사항"",
""placeholder"": ""예: 국제기구 경험, 특정 산업 전문가로서의 경력, 위원회 참여 이력 등을 구체적으로 서술"",
""type"": ""text_long""
}
]
}",,,,
gov-8,s2-g3,4,"이사회의 기후 관련 역량 향상을 위해 기업에서 전체적으로 실시하는 프로그램이나 제도(교육, 평가 등)가 있다면 설명해주세요.",text_long,,"예: 신임/기존 이사 대상 기후변화 교육 실시, 매년 이사회 평가에 ESG 역량 항목 포함 등",,,
gov-9,s2-g3,5,구성원 개인이 역량 강화를 위해 참여한 구체적인 교육이나 활동 사례가 있다면 추가하여 작성해주세요.,structured_list,"{
""fields"": [
{
""name"": ""member_name_and_title"",
""label"": ""구성원 (이름 및 직책)"",
""placeholder"": ""예: 2024년 지속가능경영위원회 위원장 천준영 이사"",
""type"": ""text""
},
{
""name"": ""activity_details"",
""label"": ""교육/활동 내용"",
""placeholder"": ""예: 기후변화를 포함한 ESG 이슈 대응 역량 강화를 위해 고려대학교에서 관련 과정을 수강"",
""type"": ""text_long""
}
]
}",,,,
gov-10,s2-g4,1,기후 관련 의사결정기구는 주로 어떤 내부 조직 또는 부서로부터 정보를 보고받나요?,text,,예: 전략기획본부 ESG경영실,,,
gov-11,s2-g4,2,"위원회 개최 등 공식적인 의사결정 시, 위원들의 이해를 돕기 위한 추가적인 지원 절차가 있다면 설명해주세요.",text_long,,"예: 의안 내용에 대한 사전 보고, 참고 자료 제공 등",,,
gov-12,s2-g4,3,"필요한 경우, 외부 전문가의 자문을 받을 수 있는 규정이나 절차가 마련되어 있나요?",text,,예: 기업의 비용으로 외부 전문가 자문 가능,,,
gov-13,s2-g4,4,기후 관련 안건은 어떤 규정에 따라 누구에게 보고되나요?,text,,예: 이사회 규정에 따라 이사회 또는 지속가능경영위원회에 보고,,,
gov-14,s2-g4,5,"위원회의 결의 사항은 구성원들에게 어떻게, 그리고 언제까지 통지되나요?",text,,예: 결의일로부터 3일 이내에 각 이사에게 통지,,,
gov-15,s2-g4,6,핵심 의사결정기구(위원회)는 연간 몇 회나 개최되나요?,text,,예: 연 2회 이상,,,
gov-16,s2-g4,7,"의사결정기구가 기후 관련 정보를 보고받거나 관련 안건을 논의한 주요 현황이 있다면, 아래 표에 추가하여 작성해주세요.",table_input,"{
""columns"": [
{
""name"": ""meeting_date"",
""label"": ""개최일자"",
""placeholder"": ""YYYY-MM-DD"",
""type"": ""date""
},
{
""name"": ""agenda_details"",
""label"": ""의안내용"",
""placeholder"": ""예: 2023년 지속가능성보고서 발간 결과"",
""type"": ""text_long""
},
{
""name"": ""related_info"",
""label"": ""관련정보"",
""placeholder"": ""예: 보고서 내 ESG 데이터 및 성과 검토"",
""type"": ""text_long""
}
]
}",,,,
gov-17,s2-g5,1,기후 관련 위험 및 기회 모니터링은 어떤 위원회에서 어떤 방식으로 이루어지나요?,text_long,,예: 지속가능경영위원회의 정기 개최를 통해,,,
gov-18,s2-g5,2,특히 어떤 종류의 중대한 안건이 최상위 의사결정기구(이사회)에서 직접 심의·결의되나요?,text_long,,예: 대규모의 시설투자 등을 수반하는 사항,,,
gov-19,s2-g5,3,"기후 관련 위험 및 기회를 고려한 주요 의사결정 안건이 있다면, 아래 표에 추가하여 작성해주세요.",table_input,"{
""columns"": [
{
""name"": ""category"",
""label"": ""구분"",
""placeholder"": ""예: 이사회, 지속가능경영위원회"",
""type"": ""text""
},
{
""name"": ""decision_date"",
""label"": ""일자"",
""placeholder"": ""YYYY-MM-DD"",
""type"": ""date""
},
{
""name"": ""approval_status"",
""label"": ""가결 여부"",
""type"": ""select"",
""options"": [""가결"", ""부결"",""보고""]
},
{
""name"": ""agenda_details"",
""label"": ""주요 의안 내용"",
""placeholder"": ""예: 2024년도 ESG 경영전략 및 목표 승인"",
""type"": ""text_long""
},
{
""name"": ""climate_considerations"",
""label"": ""기후 관련 위험 및 기회 고려사항"",
""placeholder"": ""예: 저탄소 기술 투자 관련 리스크 및 기회 요인 검토"",
""type"": ""text_long""
}
]
}",,,,
gov-20,s2-g6,1,기후 관련 목표 설정 및 이행 과정을 총괄하여 관리·감독하는 주체(위원회 등)와 그 역할을 설명해주세요.,text_long,,예: 지속가능경영위원회를 통해 목표 설정 및 이행경과를 관리·감독,,,
gov-21,s2-g6,2,수립된 목표의 진척도와 성과를 구체적으로 어떻게 관리(모니터링)하고 있나요?,text_long,,예: 정기적인 성과 모니터링 실시,,,
gov-22,s2-g6,3,"기후 관련 목표 설정 및 진척도 관리·감독과 관련된 주요 현황이 있다면, 아래 표에 추가하여 작성해주세요.",table_input,"{
""columns"": [
{
""name"": ""activity_category"",
""label"": ""구분"",
""type"": ""select"",
""options"": [""진척도 관리감독"", ""목표설정""]
},
{
""name"": ""activity_date"",
""label"": ""일자"",
""placeholder"": ""YYYY-MM-DD"",
""type"": ""date""
},
{
""name"": ""activity_details"",
""label"": ""내용"",
""placeholder"": ""예: 2024년도 온실가스 감축 목표 설정 검토"",
""type"": ""text_long""
}
]
}",,,,
gov-23,s2-g6,4,"기후 관련 성과가 경영진의 보상 정책에 어떻게 연계되어 있는지, 그 근거 규정을 포함하여 설명해주세요.",text_long,,예: '사내이사 보수 지급 규정'에 근거하여 지속가능성 성과를 사내이사 보수와 연계,,,
gov-24,s2-g6,5,경영진의 보상과 연계되는 '종합적인 평가'의 세부적인 구성 항목(계량/비계량 지표 등)에 대해 구체적으로 설명해주세요.,text_long,,"예: 계량지표(매출액, ESG 평가결과), 비계량지표(ESG 경영고도화 등)를 종합적으로 평가하며, 특히 ESG 경영고도화 항목에서는...",,,
gov-25,s2-g8,1,기후 관련 의사결정기구는 기후 관련 책임을 누구(어떤 조직)에게 위임하나요?,text,,"예: 경영진, ESG 전담부서",,,
gov-26,s2-g8,2,"경영진 내에서 기후 관련 업무를 담당하는 주요 직책과, 각 직책의 역할 및 책임을 추가하여 작성해주세요.",structured_list,"{
""fields"": [
{
""name"": ""management_position"",
""label"": ""경영진 직책"",
""placeholder"": ""예: CEO, CSO 겸 CFO"",
""type"": ""text""
},
{
""name"": ""responsibilities"",
""label"": ""주요 역할 및 책임"",
""placeholder"": ""예: 기후변화 전략 이행 총괄 및 관리감독 수행"",
""type"": ""text_long""
}
]
}",,,,
gov-27,s2-g9,1,"기후/ESG 관련 내부통제 및 감사 절차에 대해 설명해주세요. (감사 주체, 보고 라인, 지적사항에 대한 개선 및 후속 조치 과정 포함)",text_long,,"예: 감사위원회가 감사를 수행하여 경영진에 보고하며, 지적사항에 대해 현업부서가 개선계획을 제출하고..",,,
gov-28,s2-g9,2,내부감사의 주제는 어떤 방식으로 선정되나요?,text_long,,"예: 연간 감사계획 수립 시, 감사단 자체 리스크 평가를 통해 선정",,,
str-1,s2-s2,1,"기후 관련 위험 및 기회를 식별하고 평가할 때, 어떤 정보 출처 또는 데이터 소스를 주로 활용하셨나요?",text,,"예: SASB 표준, IPCC 보고서, 자체 시장 분석 데이터, 정부 정책 문서 등",,,
str-2,s2-s2,2,"만약 SASB와 같이 특정 산업 주제를 가진 프레임워크를 활용하셨다면, '사업모형' 관점에서 고려한 주제는 무엇인가요?",text,,예: 식음료 부문의 담배(Tobacco) 및 가공식품(Processed_Foods),,,
str-3,s2-s2,3,"만약 SASB와 같이 특정 산업 주제를 가진 프레임워크를 활용하셨다면, '가치사슬' 관점에서 고려한 주제는 무엇인가요?",text,,"예: 농산물(Agricultural Products), 용기 및 포장(Containers Packaging) 등",,,
str-4,s2-s2,4,식별된 주요 기후 관련 위험 및 기회를 아래 표에 모두 추가하여 작성해주세요.,table_input,"{
""columns"": [
{
""name"": ""category"",
""label"": ""구분"",
""type"": ""select"",
""options"": [""전환 리스크"", ""물리적 리스크"", ""기회""]
},
{
""name"": ""type"",
""label"": ""유형"",
""placeholder"": ""예: 정책, 기술 등"",
""type"": ""text""
},
{
""name"": ""factor"",
""label"": ""위험 및 기회 요인"",
""placeholder"": ""예: 탄소배출규제 강화"",
""type"": ""text_long""
},
{
""name"": ""description"",
""label"": ""설명"",
""placeholder"": ""위험/기회 요인에 대한 상세 설명"",
""type"": ""text_long""
},
{
""name"": ""short_term_impact"",
""label"": ""단기"",
""type"": ""select"",
""options"": [""상"", ""중"", ""하"", ""해당없음""]
},
{
""name"": ""mid_term_impact"",
""label"": ""중기"",
""type"": ""select"",
""options"": [""상"", ""중"", ""하"", ""해당없음""]
},
{
""name"": ""long_term_impact"",
""label"": ""장기"",
""type"": ""select"",
""options"": [""상"", ""중"", ""하"", ""해당없음""]
}
]
}",,,,
str-5,s2-s3,1,보고서에 사용될 '단기(Short-term)'의 기간 및 정의는 무엇인가요?,text,,예: 1년 이하,,,
str-6,s2-s3,2,보고서에 사용될 '중기(Mid-term)'의 기간 및 정의는 무엇인가요?,text,,예: 1년 초과 5년 이하,,,
str-7,s2-s3,3,보고서에 사용될 '장기(Long-term)'의 기간 및 정의는 무엇인가요?,text,,예: 5년 초과,,,
str-8,s2-s3,4,"기업의 공식적인 전략 계획 주기(예: 중장기 사업계획)는 어떻게 되며, 이 계획 수립 과정에서 기후 관련 요소를 어떻게 연계하여 고려하는지 설명해주세요",text_long,,"예: 3년 단위의 사업계획과 5년 단위의 중장기 비전을 수립하며, 계획 수립 시 대외 동향 분석 단계에서 기후 관련 위험 및 기회를 고려합니다.",,,
str-9,s2-s5,1,"기업의 비즈니스 모델을 구성하는 주요 사업 부문과, 각 부문의 핵심 사업 내용을 추가하여 작성해주세요.",structured_list,"{
""fields"": [
{
""name"": ""segment_name"",
""label"": ""사업 부문명"",
""placeholder"": ""예: 담배부문, 건강기능부문"",
""type"": ""text""
},
{
""name"": ""segment_description"",
""label"": ""주요 사업 내용"",
""placeholder"": ""예: 궐련 및 차세대 전자담배 등의 제조와 판매 사업을 운영"",
""type"": ""text_long""
}
]
}",,,,
str-10,s2-s5,2,"기업의 '가치사슬(Value Chain)'은 어떤 범위(예: 원자재 수급, 생산, 소비, 폐기 등)를 포함하는지, 그 정의를 설명해주세요.",text_long,,"예: 제품 기획에서 배송, 소비 및 수명종료에 이르기까지 제품/서비스 생산에 사용되는 모든 상호작용, 자원, 관계",,,
str-11,s2-s5,3,기후 관련 위험 및 기회를 중점적으로 식별한 핵심 사업 부문은 어디인가요? (복수일 경우 모두 기재),text,,"예: 담배부문, 건강기능부문",,,
str-12,s2-s5,4,위에서 답변한 핵심 사업 부문의 '사업 모형'을 구성하는 주요 활동들을 나열해주세요.,text,,"예: 제품 및 기술 연구개발, 산출물의 생산제조, 영업 및 마케팅",,,
str-13,s2-s5,5,위에서 답변한 핵심 사업 부문의 '가치사슬'을 구성하는 주요 활동들을 나열해주세요.,text,,"예: 업스트림에서의 원재료 구매, 유통 및 운송, 다운스트림에서의 제품 사용 및 폐기",,,
str-14,s2-s5,6,위에서 식별한 각 위험 및 기회 요인이 사업모형과 가치사슬에 미치는 영향을 아래 형식에 맞게 추가하여 작성해주세요.,structured_list,"{
""fields"": [
{
""name"": ""risk_opportunity_factor"",
""label"": ""위험 및 기회 요인"",
""placeholder"": ""'위험 및 기회' 카테고리에서 입력한 요인 중 하나를 선택 또는 직접 입력"",
""type"": ""text""
},
{
""name"": ""overview_description"",
""label"": ""영향 개요 설명"",
""placeholder"": ""해당 위험/기회에 대한 전반적인 설명과 사업에 미치는 주된 영향을 서술해주세요."",
""type"": ""text_long""
},
{
""name"": ""impact_details_table"",
""label"": ""활동별 상세 영향"",
""type"": ""table_input"",
""guidance"": ""표의 '활동' 컬럼에는 바로 위 항목에서 답변하신 사업모형 및 가치사슬 활동들을 기재해주세요."",
""schema"": {
""columns"": [
{
""name"": ""activity"",
""label"": ""활동"",
""type"": ""text""
},
{
""name"": ""current_impact"",
""label"": ""현재"",
""type"": ""text_long""
},
{
""name"": ""future_impact"",
""label"": ""예상"",
""type"": ""text_long""
}
]
}
}
]
}",,,,
str-15,s2-s6,1,"기업의 사업 모델, 가치사슬, 지리적 위치, 시설 유형 등 기후 관련 위험 및 기회가 특히 집중되어 있는 영역에 대해 종합적으로 기술해주세요.",text_long,,"예: 원재료·자재 등 투입물 구매와 생산제조, 제품 및 기술 연구개발 / 아시아 지역에 위치한 생산 시설 / 반도체 웨이퍼 등 핵심 자산",,,
str-16,s2-s8,1,"가장 최근 보고기간 동안, 기후 관련 요인으로 인해 사업 모델의 자원 배분에 직접적인 변화가 있었나요? 있었다면 그 내용을, 없었다면 ""변화 없음""으로 기재해주세요.",text,,예: 기후변화 관련 위험과 기회에 대한 전략 및 재무계획의 회복탄력성 평가,,,
str-17,s2-s8,2,향후 기후 대응을 위해 자원을 배분할 계획이 있는 주요 분야나 활동 유형은 무엇인가요?,text,,"예: NGFS(금융감독기관협의체), IEA(국제에너지기구), IPCC 등",,,
str-18,s2-s8,3,"위 자원배분 계획과 관련된 구체적인 투자나 프로젝트 사례가 있다면, 아래 형식에 맞게 추가하여 작성해주세요.",structured_list,"{
""fields"": [
{ ""name"": ""project_name"", ""label"": ""프로젝트명"", ""type"": ""text"", ""placeholder"": ""예: 친환경 하수처리공장 신설"" },
{ ""name"": ""project_location_scale"", ""label"": ""위치 및 규모"", ""type"": ""text"", ""placeholder"": ""예: 고려대학교 경영대학 1,583㎡ 부지"" },
{ ""name"": ""project_investment"", ""label"": ""투자 규모"", ""type"": ""text"", ""placeholder"": ""예: 약 1,000억 원"" },
{ ""name"": ""project_timeline"", ""label"": ""주요 일정"", ""type"": ""text"", ""placeholder"": ""예: 2026년 준공 예정"" },
{ ""name"": ""project_details"", ""label"": ""프로젝트 상세 내용 및 기대효과"", ""type"": ""text_long"", ""placeholder"": ""예: 최첨단 하수처리 자동화 도입, 친환경건축인증(LEED) GOLD 등급 목표 등"" }
]
}","예: 1.5℃ 시나리오, 4℃ 시나리오 등",,,
str-19,s2-s9,1,기후 대응을 위한 '직접적인' 완화 및 적응 노력에 대한 주요 활동들을 그룹별로 추가하여 작성해주세요.,structured_list,"{
""fields"": [
{
""name"": ""effort_category"",
""label"": ""구분"",
""placeholder"": ""예: ① 제품 소재 변경, ② 재생에너지 조달 및 사용 확대"",
""type"": ""text""
},
{
""name"": ""detailed_actions"",
""label"": ""세부 활동 내용"",
""type"": ""table_input"",
""schema"": {
""columns"": [
{
""name"": ""action_description"",
""label"": ""내용"",
""type"": ""text_long""
},
{
""name"": ""is_mitigation"",
""label"": ""완화"",
""type"": ""boolean""
},
{
""name"": ""is_adaptation"",
""label"": ""적응"",
""type"": ""boolean""
},
{
""name"": ""is_current"",
""label"": ""현재"",
""type"": ""boolean""
},
{
""name"": ""is_future"",
""label"": ""예상"",
""type"": ""boolean""
}
]
}
}
]
}",,,,
str-20,s2-s9,2,위 표에서 작성한 각 세부 활동에 대한 보고서 본문 내용을 아래 형식에 맞게 작성해주세요.,structured_list,"{
""source_requirement"": ""str-19"",
""source_field_to_display"": ""action_description"",
""fields"": [
{
""name"": ""narrative_text"",
""label"": ""상세 서술 내용"",
""type"": ""text_long"",
""placeholder"": ""해당 활동의 배경, 구체적인 실행 내용, 정량적 성과, 향후 계획 등을 자유롭게 서술해주세요.""
}
]
}",,,,
str-21,s2-s10,1,기후 대응을 위한 '간접적인' 완화 및 적응 노력에 대한 주요 활동들을 그룹별로 추가하여 작성해주세요.,structured_list,"{
""fields"": [
{
""name"": ""effort_category"",
""label"": ""구분"",
""placeholder"": ""예: ① 공급망 관리, ② 지역사회 협력"",
""type"": ""text""
},
{
""name"": ""detailed_actions"",
""label"": ""세부 활동 내용"",
""type"": ""table_input"",
""schema"": {
""columns"": [
{
""name"": ""action_description"",
""label"": ""내용"",
""type"": ""text_long""
},
{
""name"": ""is_mitigation"",
""label"": ""완화"",
""type"": ""boolean""
},
{
""name"": ""is_adaptation"",
""label"": ""적응"",
""type"": ""boolean""
},
{
""name"": ""is_current"",
""label"": ""현재"",
""type"": ""boolean""
},
{
""name"": ""is_future"",
""label"": ""예상"",
""type"": ""boolean""
}
]
}
}
]
}",,,,
str-22,s2-s10,2,위 표에서 작성한 각 간접적 세부 활동에 대한 보고서 본문 내용을 아래 형식에 맞게 작성해주세요.,structured_list,"{
""source_requirement"": ""str-21"",
""source_field_to_display"": ""action_description"",
""fields"": [
{
""name"": ""narrative_text"",
""label"": ""상세 서술 내용"",
""type"": ""text_long"",
""placeholder"": ""해당 활동의 배경, 구체적인 실행 내용, 정량적 성과, 향후 계획 등을 자유롭게 서술해주세요.""
}
]
}",,,,
str-23,s2-s11,1,"기업의 기후 관련 전환 계획을 수립할 때 기반으로 삼은 주요 원칙, 프레임워크, 그리고 궁극적인 장기 목표(예: Net-Zero)는 무엇인가요?",text_long,,,,,
str-24,s2-s11,2,"기업의 주요 기후 관련 정량 목표(온실가스 감축, 재생에너지 사용, Net-Zero 등)가 있다면 아래 표에 추가하여 작성해주세요.",table_input,"{
""columns"": [
{
""name"": ""target_category"",
""label"": ""목표 구분"",
""placeholder"": ""예: 온실가스 감축, 재생에너지 사용, 탄소중립(Net-Zero)"",
""type"": ""text""
},
{
""name"": ""scope"",
""label"": ""대상 범위"",
""placeholder"": ""예: Scope 1+2, 가치사슬 전체"",
""type"": ""text""
},
{
""name"": ""target_year"",
""label"": ""목표 연도"",
""placeholder"": ""예: 2030, 2045"",
""type"": ""text""
},
{
""name"": ""target_details"",
""label"": ""상세 목표 내용"",
""placeholder"": ""예: 2020년 대비 42% 감축, 100% 전환"",
""type"": ""text_long""
}
]
}",,,,
str-25,s2-s11,3,"Scope 3 배출량 관리를 위한 별도의 전략(산정 고도화, 협력사 지원, 감축 목표 등)이 있다면 구체적으로 설명해주세요.",text_long,,,,,
str-26,s2-s12,1,"전환 계획 수립 시 고려한 주요 가정과, 해당 가정에 영향을 미치는 의존 요소(또는 종속 변수)가 있다면 아래 표에 추가하여 작성해주세요.",table_input,"{
""columns"": [
{
""name"": ""assumption"",
""label"": ""주요 가정"",
""placeholder"": ""예: 예상 온실가스 배출량 산정 조건"",
""type"": ""text_long""
},
{
""name"": ""dependency"",
""label"": ""의존 요소"",
""placeholder"": ""예: 전환 계획 이행을 위한 물리적, 인적 자원의 가용성"",
""type"": ""text_long""
}
]
}",,,,
str-27,s2-s13,1,"기후 목표 달성을 위한 구체적인 감축 수단 및 이행 계획이 있다면, 아래 표에 추가하여 작성해주세요.",table_input,"{
""columns"": [
{
""name"": ""action_category"",
""label"": ""구분"",
""placeholder"": ""예: 자체 태양광 발전 설비 확대, 고효율 설비 전환"",
""type"": ""text""
},
{
""name"": ""action_plan"",
""label"": ""달성 계획"",
""placeholder"": ""예: 2023년부터 주요 사업장에 태양광 설비를 가동하여 2030년까지 감축 포트폴리오의 21% 달성"",
""type"": ""text_long""
}
]
}",,,,
str-28,s2-s14,1,그린본드 발행 등 기후 목표 달성을 위한 친환경 자금 조달 사례가 있다면 추가하여 작성해주세요.,structured_list,"{
""fields"": [
{ ""name"": ""financing_type"", ""label"": ""자금 조달 유형"", ""type"": ""text"", ""placeholder"": ""예: 그린본드(Green Bond)"" },
{ ""name"": ""issue_date"", ""label"": ""발행/조달 일자"", ""type"": ""text"", ""placeholder"": ""예: 2024년 4월"" },
{ ""name"": ""scale"", ""label"": ""규모"", ""type"": ""text"", ""placeholder"": ""예: 1,000억 원"" },
{ ""name"": ""use_of_proceeds"", ""label"": ""자금 활용 계획"", ""type"": ""text_long"", ""placeholder"": ""예: 신재생에너지, 친환경 건축물 구축 등 프로젝트 투자"" }
]
}",,,,
str-29,s2-s14,2,"내부 탄소가격제 등 기후 관련 투자 의사결정을 지원하는 내부 정책이나 가이드라인이 있다면, 그 내용과 기대효과에 대해 설명해주세요.",text_long,,,,,
str-30,s2-s14,3,비용 효율적인 온실가스 감축 수단을 선정하고 실행하는 방법론(예: 한계감축비용 분석)이 있다면 설명해주세요.,text_long,,,,,
str-31,s2-s14,4,기후변화 대응을 위한 전문 인력 채용 및 운영 계획이 있다면 추가하여 작성해주세요.,structured_list,"{
""fields"": [
{ ""name"": ""hiring_period"", ""label"": ""채용 시기"", ""type"": ""text"", ""placeholder"": ""예: 2023년 이후"" },
{ ""name"": ""num_of_hires"", ""label"": ""채용 인원"", ""type"": ""number"", ""placeholder"": ""예: 4"" },
{ ""name"": ""roles_and_plans"", ""label"": ""주요 역할 및 운영 계획"", ""type"": ""text_long"", ""placeholder"": ""예: 관련 부서에 배치하여 온실가스 저감 계획 수립, 모니터링 등 관련 업무 수행"" }
]
}",,,,
str-32,s2-s15,1,기업의 기후 시나리오 분석 수행 목적은 무엇인가요?,text_long,,"예: 기후변화가 비즈니스에 미치는 잠재적 영향을 다각적으로 예측하고, 이에 대응하는 중장기 사업 전략 및 재무계획의 견고함을 선제적으로 평가하기 위해",,,
str-33,s2-s16,1,시나리오 분석 시 참고한 외부 기관이나 프레임워크는 무엇인가요?,text,,예: 국제에너지기구(IEA)의 미래 에너지 전망 시나리오,,,
str-34,s2-s16,2,"분석에 활용한 주요 기후 시나리오들은 무엇이며, 각 시나리오를 선택한 이유는 무엇인가요?",text_long,,예: 전환 리스크와 물리적 리스크의 수준이 상이한 1.5℃ 시나리오와 4℃ 시나리오 두 가지 핵심 시나리오를 활용,,,
str-35,s2-s17,1,기업의 기후 시나리오 분석 절차를 주요 단계별로 순서에 맞게 추가하여 작성해주세요.,structured_list,"{
""fields"": [
{
""name"": ""step_description"",
""label"": ""분석 단계"",
""placeholder"": ""예: 1단계 - 주요 리스크/기회 식별"",
""type"": ""text""
}
]
}",,,,
str-36,s2-s17,2,시나리오 분석에 사용된 각 시나리오별 주요 가정과 핵심 변수(입력변수)를 아래 표에 추가하여 작성해주세요.,table_input,"{
""columns"": [
{
""name"": ""scenario_name"",
""label"": ""시나리오"",
""placeholder"": ""예: 1.5℃ 시나리오 (NZE)"",
""type"": ""text""
},
{
""name"": ""key_assumptions"",
""label"": ""주요 가정"",
""placeholder"": ""예: 강력한 탄소 규제 및 저탄소 경제로의 급격한 전환"",
""type"": ""text_long""
},
{
""name"": ""input_variables"",
""label"": ""핵심 변수 (투입변수)"",
""placeholder"": ""예: 탄소 가격(Carbon Price), 신재생에너지 비중, 폭염 발생 빈도 등"",
""type"": ""text_long""
}
]
}",,,,
str-37,s2-s18,1,식별한 각 위험 및 기회 요인에 대한 재무적 영향과 대응 현황을 아래 형식에 맞게 작성해주세요.,structured_list,"{
""source_requirement"": ""str-4"",
""source_field_to_display"": ""factor"",
""fields"": [
{
""name"": ""financial_impact"",
""label"": ""재무적 영향"",
""type"": ""text_long"",
""placeholder"": ""해당 요인이 기업의 재무 상태에 미치는 구체적인 영향(비용 증가, 매출 변동 등)을 서술해주세요.""
},
{
""name"": ""response_strategy"",
""label"": ""대응 현황"",
""type"": ""text_long"",
""placeholder"": ""해당 요인에 대응하기 위한 기업의 현재 및 향후 계획, 전략 등을 서술해주세요.""
}
]
}",,,,
str-38,s2-s18,2,식별한 각 전환 리스크 요인에 대한 상세 분석 및 재무적 영향 내용을 아래 형식에 맞게 작성해주세요.,structured_list,"{
""source_requirement"": ""str-4"",
""source_filter"": { ""category"": [""전환 리스크""] },
""source_field_to_display"": ""factor"",
""fields"": [
{
""name"": ""analysis_overview"",
""label"": ""분석 개요 및 시나리오 분석 결과"",
""type"": ""text_long"",
""placeholder"": ""해당 전환 리스크를 중요하게 선정한 이유와, 시나리오 분석을 통해 나타난 리스크 수준의 변화(시기별, 시나리오별)를 설명해주세요.""
},
{
""name"": ""context_and_impact"",
""label"": ""시장/규제 동향 및 가치사슬 영향"",
""type"": ""text_long"",
""placeholder"": ""해당 리스크와 관련된 외부 동향(규제, 시장 가격 등)과, 이 리스크가 기업의 가치사슬(운영, 물류 등)에 미치는 영향을 설명해주세요.""
},
{
""name"": ""quantification_methodology"",
""label"": ""재무적 영향 산출 방법론"",
""type"": ""text_long"",
""placeholder"": ""재무적 영향을 추정하기 위해 사용한 기준, 가정, 계산 방법 등을 설명해주세요.""
},
{
""name"": ""financial_statement_impact"",
""label"": ""재무제표 영향"",
""type"": ""text_long"",
""placeholder"": ""해당 전환 리스크가 손익계산서, 재무상태표, 현금흐름표의 특정 계정(매출원가, 충당부채 등)에 미치는 영향을 구체적으로 서술해주세요.""
}
]
}",,,,
str-39,s2-s18,3,"물리적 리스크(폭염, 태풍, 가뭄 등)에 대한 시나리오별 정량 분석 데이터를 아래 표에 추가하여 작성해주세요.",table_input,"{
""columns"": [
{
""name"": ""risk_type"",
""label"": ""리스크 유형"",
""type"": ""select"",
""options"": [""폭염"", ""태풍"", ""가뭄"", ""홍수"", ""수자원 스트레스""]
},
{
""name"": ""location"",
""label"": ""사업장/지역"",
""placeholder"": ""예: 청주, 용인, 중국 우시"",
""type"": ""text""
},
{
""name"": ""scenario"",
""label"": ""시나리오"",
""placeholder"": ""예: SSP1-2.6, SSP5-8.5"",
""type"": ""text""
},
{
""name"": ""year"",
""label"": ""연도"",
""placeholder"": ""예: 2030, 2040, 2050"",
""type"": ""number""
},
{
""name"": ""value"",
""label"": ""측정값 (증가량)"",
""placeholder"": ""예: 14.7"",
""type"": ""number""
},
{
""name"": ""unit"",
""label"": ""단위"",
""placeholder"": ""예: 일, mm, 건"",
""type"": ""text""
}
]
}",,,,
str-40,s2-s18,4,"위 표에서 선택한 각 물리적 리스크에 대해, 잠재적 재무 영향을 산정하기 위해 고려한 상세 항목과 산출 방식을 아래 표에 추가하여 작성해주세요.",table_input,"{
""columns"": [
{
""name"": ""consideration_item"",
""label"": ""재무 영향 산정을 위해 고려한 항목"",
""placeholder"": ""예: 추가 전력 비용, 근로자 작업능력 저하"",
""type"": ""text""
},
{
""name"": ""calculation_method"",
""label"": ""산출 방식"",
""placeholder"": ""예: 폭염일수 증가에 따른 추가 전력량 및 설비 면적 기반으로 산출"",
""type"": ""text_long""
}
]
}",,,,
str-41,s2-s18,5,"잠재적 재무 영향에 대한 분석을 바탕으로, 각 물리적 리스크에 대한 시나리오별 연평균 예측 손실액을 아래 표에 추가하여 작성해주세요. (단위: 억원)",table_input,"{
""columns"": [
{
""name"": ""risk_type"",
""label"": ""물리적 리스크 유형"",
""type"": ""select"",
""options"": [""폭염"", ""태풍"", ""가뭄"", ""홍수"", ""수자원 스트레스""]
},
{
""name"": ""scenario"",
""label"": ""시나리오"",
""placeholder"": ""예: SSP1-2.6, SSP5-8.5"",
""type"": ""text""
},
{
""name"": ""year"",
""label"": ""연도"",
""placeholder"": ""예: 2030, 2050"",
""type"": ""number""
},
{
""name"": ""estimated_loss"",
""label"": ""예측 손실액 (억원)"",
""placeholder"": ""예: 12, 27"",
""type"": ""number""
}
]
}",,,,
str-42,s2-s19,1,"위에서 산정된 물리적 리스크로 인한 잠재적 재무 영향이 재무제표(손익계산서, 재무상태표, 현금흐름표)의 특정 계정에 구체적으로 어떻게 반영되는지 서술해주세요.",text_long,,,,,
str-43,s2-s20,1,"기후변화에 대응하여 전략 및 사업모형을 조정하고 적응시키는 기업의 핵심 역량이 있다면, 아래 표에 추가하여 작성해주세요.",table_input,"{
""columns"": [
{
""name"": ""capacity_category"",
""label"": ""구분"",
""placeholder"": ""예: 그룹사 넷제로 전략 수립, 재무자원의 가용성 및 유연성"",
""type"": ""text""
},
{
""name"": ""capacity_description"",
""label"": ""정의"",
""placeholder"": ""해당 역량에 대한 구체적인 설명, 관련 활동, 기대효과 등을 서술해주세요."",
""type"": ""text_long""
}
]
}",,,,
str-44,s2-s21,1,"기후 회복력 평가 시 고려한 유의적인 불확실성 영역이 있다면, 아래 표에 추가하여 작성해주세요.",table_input,"{
""columns"": [
{
""name"": ""uncertainty_category"",
""label"": ""구분"",
""placeholder"": ""예: 탄소 비용, 기후 모델"",
""type"": ""text""
},
{
""name"": ""definition"",
""label"": ""정의"",
""placeholder"": ""해당 불확실성 영역에 대한 간략한 정의를 서술해주세요."",
""type"": ""text_long""
},
{
""name"": ""uncertainty_details"",
""label"": ""불확실성"",
""placeholder"": ""해당 영역에 내재된 구체적인 불확실성 내용을 서술해주세요."",
""type"": ""text_long""
}
]
}",,,,
rsk-1,s2-r2,1,"기후 관련 위험 및 기회 식별/평가 프로세스에 사용한 주요 투입변수, 매개변수 및 해당 데이터의 원천을 아래 표에 추가하여 작성해주세요.",table_input,"{
""columns"": [
{
""name"": ""input_variable"",
""label"": ""투입변수 및 매개변수"",
""placeholder"": ""예: 정책 이행 수준, 온실가스 배출량 추이"",
""type"": ""text""
},
{
""name"": ""data_source"",
""label"": ""데이터 원천"",
""placeholder"": ""예: 환경부 및 산업통상자원부, 회사 내부 데이터"",
""type"": ""text_long""
}
]
}",,,,
rsk-2,s2-r3,1,"기업이 기후 관련 위험 식별 시, 기후 시나리오 분석을 사용하는지 여부와, 만약 사용한다면 어떻게 활용하는지에 대해 설명해주세요.",text_long,,"예: 기후 시나리오 분석을 통해 잠재적 위험/기회의 영향을 파악하고, 이를 대응 활동 및 관리체계 강화에 활용합니다.",,,
rsk-3,s2-r4,1,기업 내부적으로 기후 관련 위험의 '발생가능성'과 '영향'을 평가하는 핵심적인 프로세스나 방법론은 무엇인가요?,text_long,,"예: 기후변화 시나리오 분석을 활용하며, 리스크 식별, 관련성 평가, 시나리오 선정 등의 단계를 거쳐 종합적으로 분석하고, 최종적으로 주요 리스크를 식별하여 대응 전략을 검토합니다.",,,
rsk-4,s2-r4,2,위험 평가 과정의 객관성과 전문성을 높이기 위해 활용하는 외부 전문가 자문이나 외부 데이터/분석 도구가 있다면 구체적으로 설명해주세요.,text_long,,"예: 투자 분석가, 교수 등으로 구성된 외부 전문가 패널의 의견을 반영합니다. 또한, 물리적 리스크 분석을 위해 S&P사의 Climanomics 도구를 활용합니다",,,
rsk-5,s2-r5,1,"기업의 전사적 위험 관리(ERM) 체계에 기후 관련 위험이 어떻게 통합되어 있으며, 일반적인 위험 평가 기준(예: 재무/비재무 영향, 발생가능성)은 무엇인가요?",text_long,,"예: 기후 관련 위험을 전사적 위험 관리 체계에 통합하여, 재무/비재무적 영향과 발생가능성을 종합적으로 고려해 평가합니다.",,,
rsk-6,s2-r5,2,"기후 위험의 우선순위를 정하기 위해 사용하는 특별한 평가 방법론(예: 이중 중대성 평가)이 있다면, 그 과정(내부 분석, 외부 이해관계자 평가 등)을 설명해주세요.",text_long,,"예: 내부적으로는 시나리오 분석을 통한 재무 영향을, 외부적으로는 이해관계자 서베이를 통한 사회·환경적 영향을 종합하여 우선순위를 결정합니다.",,,
rsk-7,s2-r5,3,기후 위험 평가 결과 및 대응 활동은 내부적으로 어떻게 보고되고 외부에 공개되나요?,text,,"예: 경영진 및 관련 위원회에 주기적으로 보고하며, CDP 등 외부 이니셔티브를 통해 공개합니다.",,,
rsk-8,s2-r6,1,기업이 기후 관련 위험 및 기회를 지속적으로 모니터링하기 위해 추적하는 주요 지표나 매개변수를 아래에 항목별로 추가하여 작성해주세요.,structured_list,"{
""fields"": [
{
""name"": ""parameter_name"",
""label"": ""모니터링 지표/매개변수"",
""placeholder"": ""예: 정책 이행 수준"",
""type"": ""text""
}
]
}",,,,
rsk-9,s2-r6,2,"위 지표들의 변화에 따라, 기업의 리스크 평가나 시나리오 분석을 업데이트하는 절차는 어떻게 되나요? 최근의 주요 업데이트 사례가 있다면 함께 설명해주세요.",text_long,,예: 주요 지표에 중대한 변화 발생 시 시나리오 분석을 업데이트합니다. 2023년에는 물리적 리스크 심화 가능성에 따라 4.0℃ 시나리오 분석을 추가했습니다.,,,
rsk-10,s2-r6,3,"이러한 지속적인 모니터링 과정을 감독하고 검토하는 의사결정기구(위원회, 조직 등)의 역할에 대해 설명해주세요.",text_long,,"예: 지속가능경영위원회는 전반적인 성과와 진행 상황을 모니터링하며, 감사단은 독립적인 점검을 수행하여 감사위원회에 보고합니다.",,,
rsk-11,s2-r7,1,"과거 보고기간과 비교하여, 기후 관련 위험 및 기회 관리 프로세스에 변경사항이 있다면 아래 표에 추가하여 작성해주세요.",table_input,"{
""columns"": [
{
""name"": ""process_category"",
""label"": ""프로세스 구분"",
""placeholder"": ""예: 위험 식별 프로세스, 이중 중대성 평가 방법론"",
""type"": ""text""
},
{
""name"": ""change_description"",
""label"": ""주요 변경 내용"",
""placeholder"": ""구체적으로 어떤 부분이 어떻게 변경되었는지 서술해주세요."",
""type"": ""text_long""
},
{
""name"": ""change_reason"",
""label"": ""변경 사유"",
""placeholder"": ""해당 프로세스를 변경한 이유나 배경을 서술해주세요."",
""type"": ""text_long""
}
]
}",,,,
met-1,s2-m2,1,"기업의 연도별 온실가스 배출량(Scope 1, 2, 3)을 아래의 고정된 양식에 맞춰 입력해주세요. (단위: tCO2eq)",ghg_emissions_input,"{
""categories"": [
""Scope 1"",
""Scope 2"",
""Scope 3"",
"" C1 제품 및 서비스 구매"",
"" C2 자본재"",
"" C3 구매연료 및 에너지"",
"" C4 업스트림 운송&유통"",
"" C5 사업장 발생 폐기물"",
"" C6 임직원 출장"",
"" C7 통근"",
"" C8 임차자산(Upstream)"",
"" C9 Downstream 운송&유통"",
"" C10 판매제품 가공"",
"" C11 판매 제품 사용"",
"" C12 판매 제품 폐기"",
"" C13 임대자산(Downstream)"",
"" C14 프랜차이즈"",
"" C15 투자"",
""합계""
]
}",,,,
met-2,s2-m3,1,Scope별 온실가스 배출량 측정을 위해 적용한 지침을 아래의 고정된 양식에 맞춰 작성해주세요.,ghg_emissions_input,"{
""rows"": [
{ ""key"": ""scope1"", ""label"": ""Scope 1"" },
{ ""key"": ""scope2"", ""label"": ""Scope 2"" },
{ ""key"": ""scope3"", ""label"": ""Scope 3"" }
],
""value_column"": {
""label"": ""적용 지침"",
""type"": ""text_long"",
""placeholder"": ""적용된 산정 방법론, 기준, 지침 등을 서술해주세요.""
}
}",,,,
met-3,s2-m4,1,Scope별 온실가스 배출량 산정에 포함된 온실가스 종류를 아래 표에 체크하여 표시해주세요.,ghg_gases_input,"{
""rows"": [
{ ""key"": ""scope1"", ""label"": ""Scope 1"" },
{ ""key"": ""scope2"", ""label"": ""Scope 2"" },
{ ""key"": ""scope3"", ""label"": ""Scope 3"" }
],
""columns"": [
{ ""key"": ""co2"", ""label"": ""CO₂"" },
{ ""key"": ""ch4"", ""label"": ""CH₄"" },
{ ""key"": ""n2o"", ""label"": ""N₂O"" },
{ ""key"": ""hfcs"", ""label"": ""HFCs"" },
{ ""key"": ""pfcs"", ""label"": ""PFCs"" },
{ ""key"": ""sf6"", ""label"": ""SF₆"" },
{ ""key"": ""nf3"", ""label"": ""NF₃"" }
]
}",,,,
met-4,s2-m5,1,"Scope 1, 2 온실가스 배출량 측정을 위해 적용한 접근법, 투입변수, 가정을 아래의 고정된 양식에 맞춰 작성해주세요.",ghg_scope12_approach_input,"{
""rows"": [
{ ""key"": ""scope1"", ""label"": ""Scope 1"" },
{ ""key"": ""scope2"", ""label"": ""Scope 2"" }
],
""columns"": [
{
""key"": ""input_variables"",
""label"": ""투입변수"",
""sub_columns"": [
{
""key"": ""activity_data"",
""label"": ""활동데이터"",
""sub_columns"": [
{ ""key"": ""activity_content"", ""label"": ""내용"" },
{ ""key"": ""activity_type"", ""label"": ""유형"" }
]
},
{
""key"": ""emission_factor"",
""label"": ""배출계수"",
""sub_columns"": [
{ ""key"": ""factor_content"", ""label"": ""내용"" },
{ ""key"": ""factor_source"", ""label"": ""출처"" }
]
}
]
},
{
""key"": ""key_assumptions"",
""label"": ""주요 가정""
}
]
}",,,,
met-5,s2-m5,2,"Scope 3의 15개 카테고리별 온실가스 배출량 측정을 위해 적용한 접근법, 투입변수, 가정을 아래의 고정된 양식에 맞춰 작성해주세요.",ghg_scope3_approach_input,"{
""rows"": [
{ ""key"": ""c1"", ""label"": ""C1 제품 및 서비스 구매"" },
{ ""key"": ""c2"", ""label"": ""C2 자본재"" },
{ ""key"": ""c3"", ""label"": ""C3 구매연료 및 에너지"" },
{ ""key"": ""c4"", ""label"": ""C4 업스트림 운송&유통"" },
{ ""key"": ""c5"", ""label"": ""C5 사업장 발생 폐기물"" },
{ ""key"": ""c6"", ""label"": ""C6 임직원 출장"" },
{ ""key"": ""c7"", ""label"": ""C7 통근"" },
{ ""key"": ""c8"", ""label"": ""C8 임차자산(Upstream)"" },
{ ""key"": ""c9"", ""label"": ""C9 Downstream 운송&유통"" },
{ ""key"": ""c10"", ""label"": ""C10 판매제품 가공"" },
{ ""key"": ""c11"", ""label"": ""C11 판매 제품 사용"" },
{ ""key"": ""c12"", ""label"": ""C12 판매 제품 폐기"" },
{ ""key"": ""c13"", ""label"": ""C13 임대자산(Downstream)"" },
{ ""key"": ""c14"", ""label"": ""C14 프랜차이즈"" },
{ ""key"": ""c15"", ""label"": ""C15 투자"" }
],
""columns"": [
{
""key"": ""input_variables"",
""label"": ""투입변수"",
""sub_columns"": [
{
""key"": ""activity_data"",
""label"": ""활동데이터"",
""sub_columns"": [
{ ""key"": ""activity_content"", ""label"": ""내용"" },
{ ""key"": ""activity_type"", ""label"": ""유형"" }
]
},
{
""key"": ""emission_factor"",
""label"": ""배출계수"",
""sub_columns"": [
{ ""key"": ""factor_content"", ""label"": ""내용"" },
{ ""key"": ""factor_source"", ""label"": ""출처"" }
]
}
]
},
{
""key"": ""key_assumptions"",
""label"": ""주요 가정""
}
]
}",,,,
met-6,s2-m6,1,"Scope 2 온실가스 배출량(시장기준)과 관련된 계약 상품 정보가 있다면, 아래 표에 추가하여 작성해주세요.",table_input,"{
""columns"": [
{
""name"": ""contract_instrument"",
""label"": ""계약수단"",
""placeholder"": ""예: 녹색프리미엄, REC(재생에너지 공급인증서) 구매"",
""type"": ""text""
},
{
""name"": ""energy_source"",
""label"": ""에너지원"",
""placeholder"": ""예: 태양광, 풍력"",
""type"": ""text""
},
{
""name"": ""usage_mwh"",
""label"": ""사용량(MWh)"",
""placeholder"": ""예: 12345"",
""type"": ""number""
},
{
""name"": ""contract_period"",
""label"": ""계약기간"",
""placeholder"": ""예: 2023-01-01 ~ 2023-12-31"",
""type"": ""text""
}
]
}",,,,
met-7,s2-m7,1,"기후 관련 '전환 위험'에 취약한 자산/사업활동, 그에 따른 잠재적 위험, 그리고 대응 노력을 아래에 추가하여 작성해주세요.",structured_list,"{
""fields"": [
{
""name"": ""vulnerable_asset"",
""label"": ""취약 자산/사업활동"",
""type"": ""text"",
""placeholder"": ""예: 국내 담배 사업부문 사업장""
},
{
""name"": ""potential_risk"",
""label"": ""잠재적 위험 상세 설명"",
""type"": ""text_long"",
""placeholder"": ""어떤 잠재적 위험(규제, 기술, 시장 등)에 노출되어 있는지 구체적으로 서술해주세요.""
},
{
""name"": ""mitigation_effort"",
""label"": ""대응 노력"",
""type"": ""text_long"",
""placeholder"": ""해당 위험에 대응하기 위한 구체적인 활동 및 계획을 서술해주세요.""
}
]
}",,,,
met-8,s2-m7,2,위에서 식별된 전환 위험 취약 자산/사업활동의 금액과 그 산정 기준을 작성해주세요.,table_input,"{
""columns"": [
{
""name"": ""vulnerable_asset"",
""label"": ""자산/사업활동"",
""placeholder"": ""예: 국내 전자 사업부문 사업장"",
""type"": ""text""
},
{
""name"": ""monetary_value"",
""label"": ""금액 (단위: 억원)"",
""placeholder"": ""금액을 숫자로만 입력"",
""type"": ""number""
},
{
""name"": ""calculation_basis"",
""label"": ""산정 기준"",
""placeholder"": ""예: 해당 사업장의 장부가액 기준"",
""type"": ""text_long""
}
]
}",,,,
met-9,s2-m8,1,"기후 관련 '물리적 위험'에 취약한 자산/사업활동, 그에 따른 잠재적 위험, 그리고 대응 노력을 아래에 추가하여 작성해주세요.",structured_list,"{
""fields"": [
{
""name"": ""vulnerable_asset"",
""label"": ""취약 자산/사업활동"",
""type"": ""text"",
""placeholder"": ""예: 국내 담배 사업부문 사업장""
},
{
""name"": ""potential_risk"",
""label"": ""잠재적 위험 상세 설명"",
""type"": ""text_long"",
""placeholder"": ""어떤 잠재적 위험(규제, 기술, 시장 등)에 노출되어 있는지 구체적으로 서술해주세요.""
},
{
""name"": ""mitigation_effort"",
""label"": ""대응 노력"",
""type"": ""text_long"",
""placeholder"": ""해당 위험에 대응하기 위한 구체적인 활동 및 계획을 서술해주세요.""
}
]
}",,,,
met-10,s2-m8,2,위에서 식별된 물리적 위험 취약 자산/사업활동의 금액과 그 산정 기준을 작성해주세요.,table_input,"{
""columns"": [
{
""name"": ""vulnerable_asset"",
""label"": ""지역/자산명"",
""placeholder"": ""예: 청주 사업장"",
""type"": ""text""
},
{
""name"": ""monetary_value"",
""label"": ""금액 (단위: 억원)"",
""placeholder"": ""금액을 숫자로만 입력"",
""type"": ""number""
},
{
""name"": ""calculation_basis"",
""label"": ""산정 기준"",
""placeholder"": ""예: 해당 사업장의 장부가액 기준"",
""type"": ""text_long""
}
]
}","예: 해당 지역은 극한기온 및 수자원 부족 리스크가 2030년대 이후 높아질 것으로 분석됨. 다만, 현재까지 직접적인 피해 이력은 없음.",,,
met-11,s2-m9,1,"기업이 어떤 사업활동을 '기후 관련 기회'로 분류하는지, 그 판단 기준이나 근거(예: EU Taxonomy)를 설명해주세요.",text_long,,예: EU Taxonomy에 따라 적격/적합 경제활동으로 분류된 사업활동을 기회로 분류,,,
met-12,s2-m9,2,위에서 작성한 기준에 따라 식별된 각 기회 요인의 재무적 가치를 아래 표에 추가하여 작성해주세요.,table_input,"{
""columns"": [
{
""name"": ""asset_activity"",
""label"": ""자산 및 사업활동"",
""placeholder"": ""예: 저탄소 제품 라인, 에너지 효율 개선 사업"",
""type"": ""text""
},
{
""name"": ""revenue"",
""label"": ""매출액 (단위: 억원)"",
""placeholder"": ""숫자만 입력"",
""type"": ""number""
},
{
""name"": ""capex"",
""label"": ""자본지출 (단위: 억원)"",
""placeholder"": ""숫자만 입력"",
""type"": ""number""
}
]
}",,,,
met-13,s2-m11,1,기업의 내부 탄소 가격(Internal Carbon Price)은 얼마로 설정되어 있나요? (단위 포함),text,,,,,
met-14,s2-m11,2,내부 탄소 가격제의 운영 방식을 아래 고정된 양식에 맞춰 작성해주세요.,internal_carbon_price_input,"{
""rows"": [
{ ""key"": ""application_method"", ""label"": ""의사결정 적용여부 및 방법"" },
{ ""key"": ""application_scope"", ""label"": ""구체적 적용 범위"" },
{ ""key"": ""calculation_methodology"", ""label"": ""주요한 가정 및 계산 방법론"" }
]
}",,,,
met-15,s2-m11,3,"내부 탄소 가격제를 적용한 주요 사례와, 이를 통해 유도된 긍정적 효과(예: 투자회수기간 단축)에 대해 구체적으로 서술해주세요.",text_long,,,,,
met-16,s2-m12,1,"경영진 보상에 기후 관련 사항이 어떻게 고려되는지, 관련 정책이나 최근 변경사항을 아래에 항목별로 추가하여 설명해주세요",structured_list,"{
""fields"": [
{
""name"": ""policy_target"",
""label"": ""적용 대상/목표"",
""type"": ""text"",
""placeholder"": ""예: C-level 경영진, CEO 단기 경영목표""
},
{
""name"": ""policy_description"",
""label"": ""주요 내용 (정책 또는 변경사항)"",
""type"": ""text_long"",
""placeholder"": ""예: ESG 지표 가중치를 5%에서 10%로 확대""
},
{
""name"": ""effective_date"",
""label"": ""적용/변경 시점 (선택 사항)"",
""type"": ""text"",
""placeholder"": ""예: 2024년 4월""
}
]
}",,,,
met-17,s2-m12,2,"당기 성과평가에 반영된 주요 기후 관련 KPI와, 해당 KPI가 경영진 보상에 연계된 백분율(%) 정보를 아래 표에 추가하여 작성해주세요.",table_input,"{
""columns"": [
{
""name"": ""target_executive"",
""label"": ""대상"",
""placeholder"": ""예: CEO, 전체 경영진"",
""type"": ""text""
},
{
""name"": ""kpi_name"",
""label"": ""주요 KPI"",
""placeholder"": ""예: 온실가스 감축 목표 달성률"",
""type"": ""text""
},
{
""name"": ""compensation_percentage"",
""label"": ""연계 보상 백분율 (%)"",
""placeholder"": ""숫자만 입력 (예: 10)"",
""type"": ""number""
}
]
}",,,,
met-18,s2-m14,1,목표의 기준이 되는 기준연도는 몇 년도인가요?,number,예: 2021,,,,
met-19,s2-m14,2,목표의 중간연도는 몇 년도인가요?,number,예: 2030,,,,
met-20,s2-m14,3,목표의 최종연도는 몇 년도인가요?,number,예: 2045,,,,
met-21,s2-m14,4,"설정한 연도에 맞춰, 기업의 주요 기후 관련 목표를 아래 표에 작성해주세요.",table_input,"{
""columns"": [
{ ""name"": ""target_metric"", ""label"": ""목표지표"", ""type"": ""text"" },
{ ""name"": ""scope"", ""label"": ""범위"", ""type"": ""text"" },
{ ""name"": ""target_type"", ""label"": ""목표유형"", ""type"": ""select"", ""options"": [""절대량 목표"", ""원단위 목표""] }
],
""dynamic_columns_from"": [
{ ""label_prefix"": ""기준연도 ("", ""label_suffix"": "")"", ""value_key"": ""baseline_value"", ""source_req_id"": ""met-18"" },
{ ""label_prefix"": ""중간 목표 ("", ""label_suffix"": "")"", ""value_key"": ""interim_value"", ""source_req_id"": ""met-19"" },
{ ""label_prefix"": ""최종 목표 ("", ""label_suffix"": "")"", ""value_key"": ""final_value"", ""source_req_id"": ""met-20"" }
]
}",,,,
met-22,s2-m16,1,"기업의 기후 관련 목표 및 데이터에 대해 제3자 검증 또는 인증을 받은 사례가 있다면, 아래 형식에 맞춰 추가하여 작성해주세요.",structured_list,"{
""fields"": [
{
""name"": ""verification_scope"",
""label"": ""검증 대상"",
""type"": ""text"",
""placeholder"": ""예: Scope 1, 2 온실가스 배출량 (2023년 데이터)""
},
{
""name"": ""verifier"",
""label"": ""검증 기관"",
""type"": ""text"",
""placeholder"": ""예: KPMG, 한국경영인증원(KMR)""
},
{
""name"": ""verification_standard"",
""label"": ""검증 기준/표준"",
""type"": ""text"",
""placeholder"": ""예: ISO 14064-3, ISAE 3000""
},
{
""name"": ""assurance_level"",
""label"": ""검증 수준"",
""type"": ""select"",
""options"": [""제한된 수준의 검증 (Limited Assurance)"", ""합리적인 수준의 검증 (Reasonable Assurance)""]
},
{
""name"": ""verification_opinion"",
""label"": ""검증 의견 (결과 요약)"",
""type"": ""text_long"",
""placeholder"": ""검증 보고서에 명시된 최종 의견이나 주요 결과를 요약하여 작성해주세요.""
}
]
}",,,,
met-23,s2-m17,1,"기후 관련 목표를 검토하고 관리하기 위한 주요 내부 프로세스나 제도가 있다면, 그 내용을 아래에 항목별로 추가하여 설명해주세요.",structured_list,"{
""fields"": [
{
""name"": ""process_name"",
""label"": ""프로세스/제도명 또는 주요 활동"",
""type"": ""text"",
""placeholder"": ""예: 전사 에너지 결산제 도입, 해외 사업장 확대""
},
{
""name"": ""process_details"",
""label"": ""상세 내용"",
""type"": ""text_long"",
""placeholder"": ""해당 프로세스의 목적, 운영 방식, 내용 등을 구체적으로 서술해주세요.""
},
{
""name"": ""process_date"",
""label"": ""도입/시행 시점 (선택)"",
""type"": ""text"",
""placeholder"": ""예: 2022년부터""
}
]
}",,,,
met-24,s2-m18,1,각 기후 관련 목표의 진척도를 모니터링하는 데 사용하는 지표를 아래 형식에 맞춰 작성해주세요.,table_input,"{
""source_requirement"": ""met-21"",
""source_field_to_display"": ""target_metric"",
""columns"": [
{
""name"": ""progress_metric"",
""label"": ""진척도 모니터링 지표"",
""type"": ""text"",
""placeholder"": ""목표 달성 여부를 추적하기 위해 사용하는 구체적인 지표를 서술해주세요.""
},
{
""name"": ""interim_target_recap"",
""label"": ""중장기 목표"",
""type"": ""text"",
""placeholder"": ""달성하고자 하는 중장기 목표를 다시 한번 기재하거나 상세히 서술해주세요.""
},
{
""name"": ""final_target_recap"",
""label"": ""최종목표"",
""type"": ""text"",
""placeholder"": ""달성하고자 하는 최종 목표를 다시 한번 기재하거나 상세히 서술해주세요.""
}
]
}",,,,
met-25,s2-m19,1,"기존에 설정한 기후 관련 목표에 수정사항이 있었다면, 아래 형식에 맞춰 변경 내용을 작성해주세요.",table_input,"{
""source_requirements"": [
{
""requirement_id"": ""met-21"",
""field_to_display"": ""target_metric"",
""display_label"": ""목표지표""
},
{
""requirement_id"": ""met-24"",
""field_to_display"": ""progress_metric"",
""display_label"": ""진척도 모니터링 지표""
}
],
""columns"": [
{
""name"": ""achievement_timeframe"",
""label"": ""달성 시점"",
""type"": ""text"",
""placeholder"": ""예: 2030년""
},
{
""name"": ""before_revision"",
""label"": ""수정 전"",
""type"": ""text_long"",
""placeholder"": ""수정 전 목표 내용을 기재""
},
{
""name"": ""after_revision"",
""label"": ""수정 후"",
""type"": ""text_long"",
""placeholder"": ""수정 후 목표 내용을 기재""
}
]
}",,,,
met-26,s2-m20,1,설정한 기후 관련 목표 대비 당기의 성과를 아래 형식에 맞춰 작성해주세요. (목표 및 지표는 이전에 작성한 내용이 자동으로 표시됩니다.),performance_tracking_input,"{
""source_requirement"": ""met-21"",
""columns"": [
{
""key"": ""target_metric"",
""label"": ""목표지표"",
""source_req_id"": ""met-21"",
""source_field"": ""target_metric"",
""type"": ""read_only""
},
{
""key"": ""progress_metric"",
""label"": ""진척도 모니터링 지표"",
""source_req_id"": ""met-24"",
""source_field"": ""progress_metric"",
""type"": ""read_only""
},
{
""key"": ""previous_year_performance"",
""label"": ""전년도 실적"",
""source"": ""user_input"",
""type"": ""text"",
""placeholder"": ""전년도 성과 입력""
},
{
""key"": ""current_year_performance"",
""label"": ""당년도 실적"",
""source"": ""user_input"",
""type"": ""text"",
""placeholder"": ""당년도 성과 입력""
},
{
""key"": ""interim_target"",
""label"": ""중간 목표"",
""source_req_id"": ""met-21"",
""source_field"": ""interim_value"",
""type"": ""read_only""
},
{
""key"": ""final_target"",
""label"": ""최종목표"",
""source_req_id"": ""met-21"",
""source_field"": ""final_value"",
""type"": ""read_only""
}
]
}",,,,
met-27,s2-m10,1,기후 관련 위험 및 기회에 대응하기 위해 투입된 자본 정보를 아래 표에 추가하여 작성해주세요.,table_input,"{
  ""columns"": [
    {
      ""name"": ""category"",
      ""label"": ""구분"",
      ""placeholder"": ""예: 온실가스 감축설비 투자, 신재생에너지 투자"",
      ""type"": ""text""
    },
    {
      ""name"": ""amount_krw_million"",
      ""label"": ""금액 (단위: 백만원)"",
      ""placeholder"": ""숫자만 입력"",
      ""type"": ""number""
    },
    {
      ""name"": ""details"",
      ""label"": ""세부사항"",
      ""placeholder"": ""관련된 세부 내용을 서술해주세요."",
      ""type"": ""text_long""
    }
  ]
}",,,,
met-28,s2-m19,2,수정사항이 있었다면 그 사유에 대해서 설명해주세요.,text_long,,,,,
gen-1,s2-gen,1,"보고서의 발행 연도, 대상 기업, 보고 기간을 입력해 주세요.",structured_list,"{
  ""fields"": [
    {
      ""name"": ""company_name"",
      ""label"": ""기업명"",
      ""type"": ""text"",
      ""placeholder"": ""기업명을 입력하세요"",
      ""required"": true
    },
    {
      ""name"": ""report_year"",
      ""label"": ""보고서 발행년도"",
      ""type"": ""number"",
      ""placeholder"": ""YYYY"",
      ""required"": true
    },
    {
      ""name"": ""start_date"",
      ""label"": ""보고 시작일자"",
      ""type"": ""date"",
      ""required"": true
    },
    {
      ""name"": ""end_date"",
      ""label"": ""보고 종료일자"",
      ""type"": ""date"",
      ""required"": true
    }
  ]
}",,,,
